{
    "beacon": {     "frequency": 5000000000,
                    "c": 299792458,
                    "movement": {   "tracking_space": [[-5, -5, 0], [5, 5, 2]],
                                    "sampling_rate": 10,
                                    "motion_models": {  "CTRA": {   "proportion": 0.5,
                                                                    "minimum_initial_velocity": 0,
                                                                    "maximum_initial_velocity": 0.5,
                                                                    "minimum_acceleration": 0,
                                                                    "maximum_acceleration": 0.5,                         
                                                                    "minimum_turn_rate": 0,
                                                                    "maximum_turn_rate": 2},

                                                        "GaussianRandomWalk":   {   "proportion": 0.5,
                                                                                    "minimum_variance": 0,
                                                                                    "maximum_variance": 0.01}}}},
        
    "arrays": [ {   "id": 0,
                    "position": [5, 5, 5],
                    "azimut": -135,
                    "elevation": -60,
                    "roll": 0,
                    "antennas": [[-0.0101551, -0.01332025, 0],
                                [ 0.00684601,  0.10454275, 0],
                                [-0.11664119,  0.17542242, 0],
                                [ 0.17290281, -0.08408713, 0],
                                [ 0.11366737, -0.03986125, 0],
                                [-0.01926872,  0.19592237, 0],
                                [-0.19198274, -0.08156547, 0],
                                [-0.19966989,  0.07665946, 0],
                                [-0.00719812, -0.12886036, 0]],
                            
                    "augmentations": {  "enable_phase_noise": true,
                                        "minimum_phase_variance": 0.1,
                                        "maximum_phase_variance": 0.5,
                                        "enable_pose_noise": true,
                                        "angle_variance": 0.01,
                                        "position_variance": 0.01}},

                {   "id": 1,
                    "position": [-5, 5, 5],
                    "azimut": -45,
                    "elevation": -60,
                    "roll": 0,
                    "antennas": [[-0.0101551, -0.01332025, 0],
                                [ 0.00684601,  0.10454275, 0],
                                [-0.11664119,  0.17542242, 0],
                                [ 0.17290281, -0.08408713, 0],
                                [ 0.11366737, -0.03986125, 0],
                                [-0.01926872,  0.19592237, 0],
                                [-0.19397162,  0.05798278, 0],
                                [-0.19966989,  0.07665946, 0],
                                [-0.00719812, -0.12886036, 0]],
                            
                    "augmentations": {  "enable_phase_noise": true,
                                        "minimum_phase_variance": 0.1,
                                        "maximum_phase_variance": 0.5,
                                        "enable_pose_noise": true,
                                        "angle_variance": 0.01,
                                        "position_variance": 0.01}},

                {   "id": 2,
                    "position": [0, -5, 5],
                    "azimut": 90,
                    "elevation": -60,
                    "roll": 0,
                    "antennas": [[-0.0101551, -0.01332025, 0],
                                [ 0.00684601,  0.10454275, 0],
                                [-0.11664119,  0.17542242, 0],
                                [ 0.17290281, -0.08408713, 0],
                                [ 0.11366737, -0.03986125, 0],
                                [-0.01926872,  0.19592237, 0],
                                [-0.19397162,  0.05798278, 0],
                                [-0.19966989,  0.07665946, 0],
                                [-0.00719812, -0.12886036, 0]],
                            
                    "augmentations": {  "enable_phase_noise": true,
                                        "minimum_phase_variance": 0.1,
                                        "maximum_phase_variance": 0.5,
                                        "enable_pose_noise": true,
                                        "angle_variance": 0.01,
                                        "position_variance": 0.01}}],

    "training": {   "samples_per_trajectory": 10,
                    "training_trajectories": 500000,
                    "test_trajectories": 1000,   
                    "training_data": "./Data/training_data.npz",
                    "test_data": "./Data/test_data.npz",
                    "checkpoints": "./Checkpoints",

                    "epochs": 1000,
                    "batch_size": 1000,
                    "learning_rate": 1E-5,
                    "weight_decay": 1E-3
    }
}





